<?xml version="1.0" encoding="UTF-8"?>
<project-private xmlns="http://www.netbeans.org/ns/project-private/1">
    <editor-bookmarks xmlns="http://www.netbeans.org/ns/editor-bookmarks/2" lastBookmarkId="0"/>
    <open-files xmlns="http://www.netbeans.org/ns/projectui-open-files/2">
        <group>
            <file>file:/C:/Users/usuario/Documents/NetBeansProjects/pruebaWebCalculadora/src/examen/DieselGasolina.java</file>
            <file>file:/C:/Users/usuario/Documents/NetBeansProjects/pruebaWebCalculadora/test/testExamen/TestDieselGaslina.java</file>
            <file>file:/C:/Users/usuario/Documents/NetBeansProjects/pruebaWebCalculadora/test/testExamen/TestCalculadoraWeb.java</file>
        </group>
        <group name="Group 20200323-01:20:16">
            <file>file:/C:/Users/profesor/Desktop/Examen_Pruebas_Software_GMañana/test/testExamen/TestDieselGasolina.java</file>
            <file>file:/C:/Users/profesor/Desktop/Examen_Pruebas_Software_GMañana/src/examen/DieselGasolina.java</file>
            <file>file:/C:/Users/profesor/Desktop/Examen_Pruebas_Software_GMañana/test/testExamen/TestCalculadoraWeb.java</file>
        </group>
    </open-files>
</project-private>
