<?xml version="1.0" encoding="UTF-8"?>
<project-private xmlns="http://www.netbeans.org/ns/project-private/1">
    <editor-bookmarks xmlns="http://www.netbeans.org/ns/editor-bookmarks/2" lastBookmarkId="0"/>
    <open-files xmlns="http://www.netbeans.org/ns/projectui-open-files/2">
        <group name="Group 20200323-01:20:16">
            <file>file:/C:/Users/profesor/Documents/NetBeansProjects/ExamenGTardeResuelto/test/testExamen/TestEjercicio1.java</file>
            <file>file:/C:/Users/profesor/Documents/NetBeansProjects/ExamenGTardeResuelto/src/examen/Examen2e.java</file>
            <file>file:/C:/Users/profesor/Documents/NetBeansProjects/ExamenGTardeResuelto/test/testExamen/TestCalculadorasWeb.java</file>
        </group>
    </open-files>
</project-private>
